"NumeroSequence","Espece","TempsDebutSequence","TempsFinSequence","DureeSequence","Nuit"
1,"pipkuh",2020-06-10 19:19:04.5,2020-06-10 19:19:04.9,0.400000095367432,"2020-06-10"
2,"pipkuh",2020-06-10 19:34:25.879,2020-06-10 19:34:29.679,3.79999995231628,"2020-06-10"
3,"pipkuh",2020-06-10 19:39:18.705,2020-06-10 19:39:21.905,3.20000004768372,"2020-06-10"
4,"pipkuh",2020-06-10 19:46:36.997,2020-06-10 19:46:48.263,11.2660000324249,"2020-06-10"
5,"pipkuh",2020-06-10 19:47:11.869,2020-06-10 19:47:13.569,1.69999980926514,"2020-06-10"
6,"pipkuh",2020-06-10 20:04:54.031,2020-06-10 20:04:55.031,1,"2020-06-10"
7,"pipkuh",2020-06-10 20:07:15.015,2020-06-10 20:07:18.715,3.70000004768372,"2020-06-10"
8,"pipkuh",2020-06-10 20:31:43.768,2020-06-10 20:31:52.468,8.70000004768372,"2020-06-10"
9,"pipkuh",2020-06-10 20:54:34.793,2020-06-10 20:54:47.093,12.2999999523163,"2020-06-10"
10,"pipkuh",2020-06-10 21:07:29.775,2020-06-10 21:07:29.875,0.100000143051147,"2020-06-10"
11,"pipkuh",2020-06-10 21:18:09.655,2020-06-10 21:18:09.855,0.200000047683716,"2020-06-10"
12,"pipkuh",2020-06-10 21:18:12.055,2020-06-10 21:18:18.255,6.20000004768372,"2020-06-10"
13,"pipkuh",2020-06-10 21:18:22.901,2020-06-10 21:18:39.001,16.0999999046326,"2020-06-10"
14,"pipkuh",2020-06-10 21:18:49.123,2020-06-10 21:18:52.823,3.70000004768372,"2020-06-10"
15,"pipkuh",2020-06-10 21:18:59.806,2020-06-10 21:19:11.6,11.7939999103546,"2020-06-10"
16,"pipkuh",2020-06-10 21:37:05.61,2020-06-10 21:37:05.71,0.0999999046325684,"2020-06-10"
17,"pipkuh",2020-06-10 21:45:41.351,2020-06-10 21:45:50.051,8.70000004768372,"2020-06-10"
18,"pipkuh",2020-06-10 21:45:55.451,2020-06-10 21:45:59.551,4.09999990463257,"2020-06-10"
19,"pipkuh",2020-06-10 22:29:54.298,2020-06-10 22:30:01.198,6.90000009536743,"2020-06-10"
20,"pipkuh",2020-06-10 22:30:08.471,2020-06-10 22:30:15.671,7.20000004768372,"2020-06-10"
21,"pipkuh",2020-06-11 00:11:29.376,2020-06-11 00:11:29.476,0.100000143051147,"2020-06-10"
22,"pipkuh",2020-06-11 00:35:21.191,2020-06-11 00:35:27.491,6.29999995231628,"2020-06-10"
23,"pipkuh",2020-06-11 00:41:24.88,2020-06-11 00:41:29.88,5,"2020-06-10"
24,"pipkuh",2020-06-11 02:22:06.738,2020-06-11 02:22:09.638,2.90000009536743,"2020-06-10"
25,"pipkuh",2020-06-11 02:23:11.21,2020-06-11 02:23:20.61,9.40000009536743,"2020-06-10"
26,"pipkuh",2020-06-11 03:10:28.347,2020-06-11 03:10:43.947,15.6000001430511,"2020-06-10"
27,"pipkuh",2020-06-11 03:12:03.395,2020-06-11 03:12:06.095,2.70000004768372,"2020-06-10"
28,"pipkuh",2020-06-11 03:15:45.56,2020-06-11 03:15:46.26,0.699999809265137,"2020-06-10"
29,"pipkuh",2020-06-11 03:15:53.222,2020-06-11 03:15:53.522,0.300000190734863,"2020-06-10"
30,"pipkuh",2020-06-11 03:27:22.952,2020-06-11 03:27:27.852,4.90000009536743,"2020-06-10"
31,"pipkuh",2020-06-11 03:32:29.916,2020-06-11 03:32:33.716,3.79999995231628,"2020-06-10"
32,"pipkuh",2020-06-11 03:32:39.787,2020-06-11 03:32:44.087,4.29999995231628,"2020-06-10"
33,"pippip",2020-06-10 19:19:20,2020-06-10 19:19:29.9,9.90000009536743,"2020-06-10"
34,"pippip",2020-06-10 19:20:35.589,2020-06-10 19:20:39.789,4.20000004768372,"2020-06-10"
35,"pippip",2020-06-10 19:21:57.563,2020-06-10 19:22:01.063,3.5,"2020-06-10"
36,"pippip",2020-06-10 19:24:03.687,2020-06-10 19:24:03.787,0.0999999046325684,"2020-06-10"
37,"pippip",2020-06-10 19:25:16.932,2020-06-10 19:25:18.632,1.70000004768372,"2020-06-10"
38,"pippip",2020-06-10 19:26:28.461,2020-06-10 19:26:34.061,5.60000014305115,"2020-06-10"
39,"pippip",2020-06-10 19:26:51.323,2020-06-10 19:26:55.823,4.5,"2020-06-10"
40,"pippip",2020-06-10 19:28:13.655,2020-06-10 19:28:18.155,4.5,"2020-06-10"
41,"pippip",2020-06-10 19:28:57.368,2020-06-10 19:28:57.868,0.5,"2020-06-10"
42,"pippip",2020-06-10 19:29:18.003,2020-06-10 19:29:29.203,11.2000000476837,"2020-06-10"
43,"pippip",2020-06-10 19:30:40.758,2020-06-10 19:30:46.058,5.30000019073486,"2020-06-10"
44,"pippip",2020-06-10 19:31:26.282,2020-06-10 19:31:34.382,8.09999990463257,"2020-06-10"
45,"pippip",2020-06-10 19:31:43.719,2020-06-10 19:31:47.419,3.70000004768372,"2020-06-10"
46,"pippip",2020-06-10 19:32:19.523,2020-06-10 19:32:29.223,9.70000004768372,"2020-06-10"
47,"pippip",2020-06-10 19:33:04.523,2020-06-10 19:33:07.723,3.20000004768372,"2020-06-10"
48,"pippip",2020-06-10 19:33:10.523,2020-06-10 19:33:14.323,3.79999995231628,"2020-06-10"
49,"pippip",2020-06-10 19:34:47.879,2020-06-10 19:34:50.879,3,"2020-06-10"
50,"pippip",2020-06-10 19:36:20.042,2020-06-10 19:36:28.942,8.90000009536743,"2020-06-10"
51,"pippip",2020-06-10 19:36:34.281,2020-06-10 19:36:36.181,1.90000009536743,"2020-06-10"
52,"pippip",2020-06-10 19:37:22.889,2020-06-10 19:37:34.061,11.172000169754,"2020-06-10"
53,"pippip",2020-06-10 19:37:59.961,2020-06-10 19:38:04.661,4.70000004768372,"2020-06-10"
54,"pippip",2020-06-10 19:38:10.361,2020-06-10 19:38:14.461,4.09999990463257,"2020-06-10"
55,"pippip",2020-06-10 19:41:26.919,2020-06-10 19:41:34.219,7.29999995231628,"2020-06-10"
56,"pippip",2020-06-10 19:42:00.305,2020-06-10 19:42:06.405,6.09999990463257,"2020-06-10"
57,"pippip",2020-06-10 19:42:09.175,2020-06-10 19:42:11.975,2.79999995231628,"2020-06-10"
58,"pippip",2020-06-10 19:42:31.509,2020-06-10 19:42:38.009,6.5,"2020-06-10"
59,"pippip",2020-06-10 19:42:41.509,2020-06-10 19:42:46.783,5.2739999294281,"2020-06-10"
60,"pippip",2020-06-10 19:42:50.075,2020-06-10 19:42:51.775,1.70000004768372,"2020-06-10"
61,"pippip",2020-06-10 19:42:56.375,2020-06-10 19:43:06.875,10.5,"2020-06-10"
62,"pippip",2020-06-10 19:43:14.375,2020-06-10 19:43:19.875,5.5,"2020-06-10"
63,"pippip",2020-06-10 19:43:23.24,2020-06-10 19:43:23.94,0.699999809265137,"2020-06-10"
64,"pippip",2020-06-10 19:43:29.061,2020-06-10 19:43:53.161,24.0999999046326,"2020-06-10"
65,"pippip",2020-06-10 19:43:55.861,2020-06-10 19:43:57.561,1.70000004768372,"2020-06-10"
66,"pippip",2020-06-10 19:44:02.234,2020-06-10 19:44:08.326,6.09199976921082,"2020-06-10"
67,"pippip",2020-06-10 19:44:11.167,2020-06-10 19:44:13.567,2.40000009536743,"2020-06-10"
68,"pippip",2020-06-10 19:44:16.969,2020-06-10 19:44:19.669,2.70000004768372,"2020-06-10"
69,"pippip",2020-06-10 19:44:25.269,2020-06-10 19:44:25.469,0.200000047683716,"2020-06-10"
70,"pippip",2020-06-10 19:44:30.007,2020-06-10 19:44:43.707,13.7000000476837,"2020-06-10"
71,"pippip",2020-06-10 19:44:46.107,2020-06-10 19:45:09.707,23.6000001430511,"2020-06-10"
72,"pippip",2020-06-10 19:45:16.529,2020-06-10 19:45:26.429,9.90000009536743,"2020-06-10"
73,"pippip",2020-06-10 19:45:31.529,2020-06-10 19:45:36.529,5,"2020-06-10"
74,"pippip",2020-06-10 19:45:41.629,2020-06-10 19:45:51.529,9.90000009536743,"2020-06-10"
75,"pippip",2020-06-10 19:45:56.629,2020-06-10 19:46:01.529,4.90000009536743,"2020-06-10"
76,"pippip",2020-06-10 19:46:05.859,2020-06-10 19:46:14.16,8.30099987983704,"2020-06-10"
77,"pippip",2020-06-10 19:46:22.474,2020-06-10 19:46:27.174,4.70000004768372,"2020-06-10"
78,"pippip",2020-06-10 19:46:29.797,2020-06-10 19:46:37.397,7.60000014305115,"2020-06-10"
79,"pippip",2020-06-10 19:46:41.462,2020-06-10 19:46:56.663,15.2009999752045,"2020-06-10"
80,"pippip",2020-06-10 19:46:59.469,2020-06-10 19:47:09.469,10,"2020-06-10"
81,"pippip",2020-06-10 19:47:14.469,2020-06-10 19:47:16.669,2.20000004768372,"2020-06-10"
82,"pippip",2020-06-10 19:47:22.037,2020-06-10 19:47:25.637,3.60000014305115,"2020-06-10"
83,"pippip",2020-06-10 19:47:31.037,2020-06-10 19:47:36.637,5.60000014305115,"2020-06-10"
84,"pippip",2020-06-10 19:47:38.949,2020-06-10 19:48:09.745,30.7959997653961,"2020-06-10"
85,"pippip",2020-06-10 19:48:17.023,2020-06-10 19:48:18.323,1.30000019073486,"2020-06-10"
86,"pippip",2020-06-10 19:48:23.515,2020-06-10 19:48:26.415,2.90000009536743,"2020-06-10"
87,"pippip",2020-06-10 19:48:36.927,2020-06-10 19:48:40.827,3.90000009536743,"2020-06-10"
88,"pippip",2020-06-10 19:48:42.921,2020-06-10 19:48:45.421,2.5,"2020-06-10"
89,"pippip",2020-06-10 19:48:50.485,2020-06-10 19:48:58.7,8.21500015258789,"2020-06-10"
90,"pippip",2020-06-10 19:49:05,2020-06-10 19:49:06,1,"2020-06-10"
91,"pippip",2020-06-10 19:49:08.619,2020-06-10 19:49:28.442,19.8229999542236,"2020-06-10"
92,"pippip",2020-06-10 19:49:30.747,2020-06-10 19:49:49.847,19.0999999046326,"2020-06-10"
93,"pippip",2020-06-10 19:49:55.085,2020-06-10 19:50:00.185,5.09999990463257,"2020-06-10"
94,"pippip",2020-06-10 19:50:07.009,2020-06-10 19:50:17.446,10.4370000362396,"2020-06-10"
95,"pippip",2020-06-10 19:50:20.919,2020-06-10 19:50:26.319,5.39999985694885,"2020-06-10"
96,"pippip",2020-06-10 19:50:32.539,2020-06-10 19:50:46.469,13.9299998283386,"2020-06-10"
97,"pippip",2020-06-10 19:50:52.769,2020-06-10 19:50:54.669,1.90000009536743,"2020-06-10"
98,"pippip",2020-06-10 19:51:03.469,2020-06-10 19:51:08.588,5.11900019645691,"2020-06-10"
99,"pippip",2020-06-10 19:51:12.288,2020-06-10 19:51:20.188,7.90000009536743,"2020-06-10"
100,"pippip",2020-06-10 19:51:27.187,2020-06-10 19:51:32.187,5,"2020-06-10"
101,"pippip",2020-06-10 19:51:38.611,2020-06-10 19:51:43.511,4.90000009536743,"2020-06-10"
102,"pippip",2020-06-10 19:51:45.611,2020-06-10 19:51:56.011,10.4000000953674,"2020-06-10"
103,"pippip",2020-06-10 19:51:58.711,2020-06-10 19:52:06.111,7.40000009536743,"2020-06-10"
104,"pippip",2020-06-10 19:52:08.872,2020-06-10 19:52:22.372,13.5,"2020-06-10"
105,"pippip",2020-06-10 19:52:27.866,2020-06-10 19:52:35.866,8,"2020-06-10"
106,"pippip",2020-06-10 19:52:41.866,2020-06-10 19:52:47.695,5.8289999961853,"2020-06-10"
107,"pippip",2020-06-10 19:52:50.444,2020-06-10 19:53:10.344,19.9000000953674,"2020-06-10"
108,"pippip",2020-06-10 19:53:16.344,2020-06-10 19:53:16.644,0.299999952316284,"2020-06-10"
109,"pippip",2020-06-10 19:53:19.864,2020-06-10 19:53:23.164,3.29999995231628,"2020-06-10"
110,"pippip",2020-06-10 19:53:32.199,2020-06-10 19:53:38.299,6.09999990463257,"2020-06-10"
111,"pippip",2020-06-10 19:53:45.718,2020-06-10 19:53:49.718,4,"2020-06-10"
112,"pippip",2020-06-10 19:54:33.101,2020-06-10 19:54:36.201,3.09999990463257,"2020-06-10"
113,"pippip",2020-06-10 19:54:40.651,2020-06-10 19:54:46.751,6.09999990463257,"2020-06-10"
114,"pippip",2020-06-10 19:54:54.721,2020-06-10 19:55:01.421,6.69999980926514,"2020-06-10"
115,"pippip",2020-06-10 19:55:03.621,2020-06-10 19:55:08.466,4.84500002861023,"2020-06-10"
116,"pippip",2020-06-10 19:55:10.966,2020-06-10 19:55:16.927,5.96099996566772,"2020-06-10"
117,"pippip",2020-06-10 19:55:22.027,2020-06-10 19:55:22.127,0.100000143051147,"2020-06-10"
118,"pippip",2020-06-10 19:55:28.627,2020-06-10 19:55:37.127,8.5,"2020-06-10"
119,"pippip",2020-06-10 19:55:49.767,2020-06-10 19:55:59.567,9.79999995231628,"2020-06-10"
120,"pippip",2020-06-10 19:56:02.567,2020-06-10 19:56:16.061,13.4939999580383,"2020-06-10"
121,"pippip",2020-06-10 19:56:18.561,2020-06-10 19:56:52.913,34.3520002365112,"2020-06-10"
122,"pippip",2020-06-10 19:56:56.513,2020-06-10 19:57:08.193,11.6799998283386,"2020-06-10"
123,"pippip",2020-06-10 19:57:10.393,2020-06-10 19:57:10.793,0.400000095367432,"2020-06-10"
124,"pippip",2020-06-10 19:57:14.293,2020-06-10 19:57:22.693,8.39999985694885,"2020-06-10"
125,"pippip",2020-06-10 19:57:30.593,2020-06-10 19:57:37.893,7.29999995231628,"2020-06-10"
126,"pippip",2020-06-10 19:57:42.293,2020-06-10 19:57:55.493,13.1999998092651,"2020-06-10"
127,"pippip",2020-06-10 19:58:08.741,2020-06-10 19:58:12.841,4.09999990463257,"2020-06-10"
128,"pippip",2020-06-10 19:58:18.309,2020-06-10 19:58:32.609,14.2999999523163,"2020-06-10"
129,"pippip",2020-06-10 19:58:37.756,2020-06-10 19:58:45.756,8,"2020-06-10"
130,"pippip",2020-06-10 19:59:13.688,2020-06-10 19:59:20.588,6.90000009536743,"2020-06-10"
131,"pippip",2020-06-10 19:59:26.398,2020-06-10 19:59:33.096,6.69800019264221,"2020-06-10"
132,"pippip",2020-06-10 19:59:48.996,2020-06-10 19:59:49.096,0.100000143051147,"2020-06-10"
133,"pippip",2020-06-10 19:59:54.878,2020-06-10 19:59:57.478,2.59999990463257,"2020-06-10"
134,"pippip",2020-06-10 20:00:01.2,2020-06-10 20:00:05.6,4.40000009536743,"2020-06-10"
135,"pippip",2020-06-10 20:00:11.6,2020-06-10 20:00:17.37,5.76999998092651,"2020-06-10"
136,"pippip",2020-06-10 20:00:24.773,2020-06-10 20:00:30.61,5.83699989318848,"2020-06-10"
137,"pippip",2020-06-10 20:00:35.767,2020-06-10 20:00:54.167,18.4000000953674,"2020-06-10"
138,"pippip",2020-06-10 20:00:59.967,2020-06-10 20:01:00.667,0.700000047683716,"2020-06-10"
139,"pippip",2020-06-10 20:01:09.979,2020-06-10 20:01:14.979,5,"2020-06-10"
140,"pippip",2020-06-10 20:01:47.376,2020-06-10 20:01:48.376,1,"2020-06-10"
141,"pippip",2020-06-10 20:01:57.548,2020-06-10 20:02:01.148,3.59999990463257,"2020-06-10"
142,"pippip",2020-06-10 20:02:09.328,2020-06-10 20:02:14.028,4.70000004768372,"2020-06-10"
143,"pippip",2020-06-10 20:13:47.921,2020-06-10 20:13:53.173,5.25200009346008,"2020-06-10"
144,"pippip",2020-06-10 20:16:00.717,2020-06-10 20:16:08.117,7.40000009536743,"2020-06-10"
145,"pippip",2020-06-10 20:16:52.879,2020-06-10 20:16:52.979,0.0999999046325684,"2020-06-10"
146,"pippip",2020-06-10 20:20:14.393,2020-06-10 20:20:26.435,12.0419998168945,"2020-06-10"
147,"pippip",2020-06-10 20:31:25.195,2020-06-10 20:31:28.995,3.79999995231628,"2020-06-10"
148,"pippip",2020-06-10 20:31:33.104,2020-06-10 20:31:34.204,1.09999990463257,"2020-06-10"
149,"pippip",2020-06-10 20:40:17.115,2020-06-10 20:40:17.215,0.0999999046325684,"2020-06-10"
150,"pippip",2020-06-10 21:06:47.425,2020-06-10 21:06:54.429,7.00399994850159,"2020-06-10"
151,"pippip",2020-06-10 21:24:04.401,2020-06-10 21:24:11.201,6.80000019073486,"2020-06-10"
152,"pippip",2020-06-10 21:24:58.018,2020-06-10 21:25:15.349,17.3310000896454,"2020-06-10"
153,"pippip",2020-06-10 21:25:18.646,2020-06-10 21:25:40.154,21.5080001354218,"2020-06-10"
154,"pippip",2020-06-10 21:25:42.605,2020-06-10 21:25:49.805,7.20000004768372,"2020-06-10"
155,"pippip",2020-06-10 21:29:08.643,2020-06-10 21:29:08.743,0.0999999046325684,"2020-06-10"
156,"pippip",2020-06-10 21:48:59.369,2020-06-10 21:48:59.469,0.0999999046325684,"2020-06-10"
157,"pippip",2020-06-10 22:02:02.283,2020-06-10 22:02:02.383,0.0999999046325684,"2020-06-10"
158,"pippip",2020-06-10 23:05:30.708,2020-06-10 23:05:34.908,4.20000004768372,"2020-06-10"
159,"pippip",2020-06-10 23:39:11.22,2020-06-10 23:39:15.02,3.79999995231628,"2020-06-10"
160,"pippip",2020-06-11 00:03:21.216,2020-06-11 00:03:21.316,0.0999999046325684,"2020-06-10"
161,"pippip",2020-06-11 00:12:21.471,2020-06-11 00:12:21.971,0.5,"2020-06-10"
162,"pippip",2020-06-11 00:12:24,2020-06-11 00:12:27.9,3.90000009536743,"2020-06-10"
163,"pippip",2020-06-11 00:22:21.167,2020-06-11 00:22:24.867,3.70000004768372,"2020-06-10"
164,"pippip",2020-06-11 00:24:55.242,2020-06-11 00:24:58.442,3.20000004768372,"2020-06-10"
165,"pippip",2020-06-11 01:59:24.481,2020-06-11 01:59:24.581,0.0999999046325684,"2020-06-10"
166,"pippip",2020-06-11 02:06:48.487,2020-06-11 02:06:56.687,8.20000004768372,"2020-06-10"
167,"pippip",2020-06-11 03:06:06.441,2020-06-11 03:06:11.741,5.29999995231628,"2020-06-10"
168,"pippip",2020-06-11 03:30:06.727,2020-06-11 03:30:08.827,2.10000014305115,"2020-06-10"
169,"pippip",2020-06-11 03:30:48.782,2020-06-11 03:30:51.582,2.79999995231628,"2020-06-10"
170,"pippip",2020-06-11 03:34:38.156,2020-06-11 03:34:41.256,3.09999990463257,"2020-06-10"
171,"pippip",2020-06-11 03:36:56.492,2020-06-11 03:37:01.892,5.40000009536743,"2020-06-10"
172,"pippip",2020-06-11 03:38:32.569,2020-06-11 03:38:35.469,2.90000009536743,"2020-06-10"
173,"pippip",2020-06-11 03:38:59.283,2020-06-11 03:39:11.383,12.0999999046326,"2020-06-10"
174,"pippip",2020-06-11 03:39:43.379,2020-06-11 03:39:45.079,1.70000004768372,"2020-06-10"
175,"pippip",2020-06-11 03:39:49.045,2020-06-11 03:39:52.145,3.09999990463257,"2020-06-10"
176,"pippip",2020-06-11 03:39:56.617,2020-06-11 03:40:01.517,4.90000009536743,"2020-06-10"
177,"pippip",2020-06-11 03:43:25.726,2020-06-11 03:43:27.926,2.20000004768372,"2020-06-10"
178,"pippip",2020-06-11 03:44:11.945,2020-06-11 03:44:19.713,7.76800012588501,"2020-06-10"
179,"pippip",2020-06-11 03:45:33.104,2020-06-11 03:45:40.404,7.30000019073486,"2020-06-10"
180,"pippip",2020-06-11 04:13:08.995,2020-06-11 04:13:09.095,0.0999999046325684,"2020-06-10"
181,"pippyg",2020-06-10 19:23:46.404,2020-06-10 19:23:50.404,4,"2020-06-10"
182,"pippyg",2020-06-10 19:24:32.932,2020-06-10 19:24:36.632,3.70000004768372,"2020-06-10"
183,"pippyg",2020-06-10 19:25:12.232,2020-06-10 19:25:16.932,4.70000004768372,"2020-06-10"
184,"pippyg",2020-06-10 19:25:26.832,2020-06-10 19:25:30.932,4.09999990463257,"2020-06-10"
185,"pippyg",2020-06-10 19:25:33.032,2020-06-10 19:25:40.132,7.10000014305115,"2020-06-10"
186,"pippyg",2020-06-10 19:28:01.244,2020-06-10 19:28:03.621,2.37700009346008,"2020-06-10"
187,"pippyg",2020-06-10 19:28:12.255,2020-06-10 19:28:13.555,1.30000019073486,"2020-06-10"
188,"pippyg",2020-06-10 19:28:25.649,2020-06-10 19:28:29.749,4.09999990463257,"2020-06-10"
189,"pippyg",2020-06-10 19:30:39.658,2020-06-10 19:30:44.658,5,"2020-06-10"
190,"pippyg",2020-06-10 19:31:26.982,2020-06-10 19:31:30.882,3.90000009536743,"2020-06-10"
191,"pippyg",2020-06-10 19:33:03.623,2020-06-10 19:33:04.523,0.900000095367432,"2020-06-10"
192,"pippyg",2020-06-10 19:34:33.379,2020-06-10 19:34:40.879,7.5,"2020-06-10"
193,"pippyg",2020-06-10 19:36:44.281,2020-06-10 19:36:49.181,4.90000009536743,"2020-06-10"
194,"pippyg",2020-06-10 19:37:07.819,2020-06-10 19:37:12.619,4.79999995231628,"2020-06-10"
195,"pippyg",2020-06-10 19:37:50.161,2020-06-10 19:37:54.161,4,"2020-06-10"
196,"pippyg",2020-06-10 19:38:24.861,2020-06-10 19:38:31.161,6.29999995231628,"2020-06-10"
197,"pippyg",2020-06-10 19:39:27.005,2020-06-10 19:39:31.805,4.79999995231628,"2020-06-10"
198,"pippyg",2020-06-10 19:44:20.769,2020-06-10 19:44:25.269,4.5,"2020-06-10"
199,"pippyg",2020-06-10 19:47:09.469,2020-06-10 19:47:14.469,5,"2020-06-10"
200,"pippyg",2020-06-10 19:50:56.169,2020-06-10 19:51:01.069,4.90000009536743,"2020-06-10"
201,"pippyg",2020-06-10 19:55:22.427,2020-06-10 19:55:26.427,4,"2020-06-10"
202,"pippyg",2020-06-10 19:58:23.309,2020-06-10 19:58:29.309,6,"2020-06-10"
203,"pippyg",2020-06-10 19:59:41.196,2020-06-10 19:59:47.696,6.5,"2020-06-10"
204,"pippyg",2020-06-10 19:59:52.978,2020-06-10 19:59:56.878,3.90000009536743,"2020-06-10"
205,"pippyg",2020-06-10 20:10:25.77,2020-06-10 20:10:26.97,1.20000004768372,"2020-06-10"
206,"pippyg",2020-06-10 20:13:33.821,2020-06-10 20:13:41.021,7.19999980926514,"2020-06-10"
207,"pippyg",2020-06-10 20:13:45.221,2020-06-10 20:13:48.121,2.90000009536743,"2020-06-10"
208,"pippyg",2020-06-10 20:17:58.257,2020-06-10 20:18:05.457,7.19999980926514,"2020-06-10"
209,"pippyg",2020-06-10 20:19:10.607,2020-06-10 20:19:21.315,10.7079999446869,"2020-06-10"
210,"pippyg",2020-06-10 20:20:31.735,2020-06-10 20:20:37.081,5.3459997177124,"2020-06-10"
211,"pippyg",2020-06-10 20:23:06.075,2020-06-10 20:23:14.675,8.59999990463257,"2020-06-10"
212,"pippyg",2020-06-10 20:26:38.469,2020-06-10 20:26:38.569,0.100000143051147,"2020-06-10"
213,"pippyg",2020-06-10 20:27:29.723,2020-06-10 20:27:36.523,6.79999995231628,"2020-06-10"
214,"pippyg",2020-06-10 20:27:57.525,2020-06-10 20:28:01.448,3.92300009727478,"2020-06-10"
215,"pippyg",2020-06-10 20:34:56.525,2020-06-10 20:35:04.025,7.5,"2020-06-10"
216,"pippyg",2020-06-10 20:38:03.817,2020-06-10 20:38:08.281,4.46399998664856,"2020-06-10"
217,"pippyg",2020-06-10 20:39:51.443,2020-06-10 20:39:52.943,1.5,"2020-06-10"
218,"pippyg",2020-06-10 20:39:55.935,2020-06-10 20:40:01.735,5.79999995231628,"2020-06-10"
219,"pippyg",2020-06-10 21:03:47.175,2020-06-10 21:03:49.775,2.59999990463257,"2020-06-10"
220,"pippyg",2020-06-10 21:44:17.495,2020-06-10 21:44:17.595,0.0999999046325684,"2020-06-10"
221,"pippyg",2020-06-10 21:44:22.023,2020-06-10 21:44:27.223,5.20000004768372,"2020-06-10"
222,"pippyg",2020-06-10 21:47:48.12,2020-06-10 21:47:53.72,5.59999990463257,"2020-06-10"
223,"pippyg",2020-06-10 21:52:57.604,2020-06-10 21:52:59.804,2.20000004768372,"2020-06-10"
224,"pippyg",2020-06-10 21:59:11.541,2020-06-10 21:59:14.141,2.60000014305115,"2020-06-10"
225,"pippyg",2020-06-10 22:03:04.741,2020-06-10 22:03:09.741,5,"2020-06-10"
226,"pippyg",2020-06-10 22:03:15.946,2020-06-10 22:03:18.746,2.79999995231628,"2020-06-10"
227,"pippyg",2020-06-10 22:05:05.687,2020-06-10 22:05:08.187,2.5,"2020-06-10"
228,"pippyg",2020-06-10 22:09:32.845,2020-06-10 22:09:33.945,1.10000014305115,"2020-06-10"
229,"pippyg",2020-06-10 22:09:43.225,2020-06-10 22:09:47.525,4.29999995231628,"2020-06-10"
230,"pippyg",2020-06-10 22:09:50.187,2020-06-10 22:09:53.887,3.70000004768372,"2020-06-10"
231,"pippyg",2020-06-10 22:10:01.356,2020-06-10 22:10:09.756,8.40000009536743,"2020-06-10"
232,"pippyg",2020-06-10 22:11:14.385,2020-06-10 22:11:17.085,2.70000004768372,"2020-06-10"
233,"pippyg",2020-06-10 22:17:10.991,2020-06-10 22:17:11.091,0.0999999046325684,"2020-06-10"
234,"pippyg",2020-06-10 22:17:48.081,2020-06-10 22:17:48.581,0.5,"2020-06-10"
235,"pippyg",2020-06-10 22:18:05.677,2020-06-10 22:18:11.577,5.89999985694885,"2020-06-10"
236,"pippyg",2020-06-10 22:21:47.398,2020-06-10 22:21:48.098,0.700000047683716,"2020-06-10"
237,"pippyg",2020-06-10 22:21:50.987,2020-06-10 22:21:53.287,2.29999995231628,"2020-06-10"
238,"pippyg",2020-06-10 22:26:29.891,2020-06-10 22:26:33.691,3.79999995231628,"2020-06-10"
239,"pippyg",2020-06-10 22:30:59.663,2020-06-10 22:31:03.463,3.79999995231628,"2020-06-10"
240,"pippyg",2020-06-10 22:40:37.49,2020-06-10 22:40:40.09,2.59999990463257,"2020-06-10"
241,"pippyg",2020-06-10 22:42:53.031,2020-06-10 22:42:59.663,6.63199996948242,"2020-06-10"
242,"pippyg",2020-06-10 22:57:54.312,2020-06-10 22:58:11.612,17.2999999523163,"2020-06-10"
243,"pippyg",2020-06-10 22:58:17.801,2020-06-10 22:58:25.701,7.90000009536743,"2020-06-10"
244,"pippyg",2020-06-10 23:00:54.665,2020-06-10 23:00:58.465,3.79999995231628,"2020-06-10"
245,"pippyg",2020-06-10 23:41:25.66,2020-06-10 23:41:31.667,6.00699996948242,"2020-06-10"
246,"pippyg",2020-06-11 00:00:49.069,2020-06-11 00:00:49.169,0.0999999046325684,"2020-06-10"
247,"pippyg",2020-06-11 00:07:06.821,2020-06-11 00:07:11.021,4.20000004768372,"2020-06-10"
248,"pippyg",2020-06-11 00:08:02.095,2020-06-11 00:08:10.432,8.33699989318848,"2020-06-10"
249,"pippyg",2020-06-11 00:17:37.539,2020-06-11 00:17:41.639,4.09999990463257,"2020-06-10"
250,"pippyg",2020-06-11 00:44:00.546,2020-06-11 00:44:04.946,4.40000009536743,"2020-06-10"
251,"pippyg",2020-06-11 01:05:23.955,2020-06-11 01:05:34.855,10.9000000953674,"2020-06-10"
252,"pippyg",2020-06-11 01:10:07.879,2020-06-11 01:10:16.379,8.5,"2020-06-10"
253,"pippyg",2020-06-11 01:41:39.122,2020-06-11 01:41:39.222,0.0999999046325684,"2020-06-10"
254,"pippyg",2020-06-11 01:45:43.135,2020-06-11 01:46:35.535,52.4000000953674,"2020-06-10"
255,"pippyg",2020-06-11 01:46:55.922,2020-06-11 01:47:00.822,4.90000009536743,"2020-06-10"
256,"pippyg",2020-06-11 01:47:04.302,2020-06-11 01:47:11.002,6.70000004768372,"2020-06-10"
257,"pippyg",2020-06-11 02:05:31.531,2020-06-11 02:05:38.623,7.09200024604797,"2020-06-10"
258,"pippyg",2020-06-11 02:05:41.396,2020-06-11 02:05:53.084,11.688000202179,"2020-06-10"
259,"pippyg",2020-06-11 02:44:07.862,2020-06-11 02:44:17.172,9.30999994277954,"2020-06-10"
260,"pippyg",2020-06-11 02:44:19.817,2020-06-11 02:44:29.695,9.87800002098083,"2020-06-10"
261,"pippyg",2020-06-11 02:44:38.373,2020-06-11 02:44:42.073,3.70000004768372,"2020-06-10"
262,"pippyg",2020-06-11 03:08:46.703,2020-06-11 03:08:47.703,1,"2020-06-10"
263,"pippyg",2020-06-11 03:08:49.821,2020-06-11 03:08:53.955,4.1340000629425,"2020-06-10"
264,"pippyg",2020-06-11 03:15:08.675,2020-06-11 03:15:12.075,3.40000009536743,"2020-06-10"
265,"pippyg",2020-06-11 03:20:02.195,2020-06-11 03:20:11.095,8.90000009536743,"2020-06-10"
266,"pippyg",2020-06-11 03:22:48.814,2020-06-11 03:22:50.714,1.90000009536743,"2020-06-10"
267,"pippyg",2020-06-11 03:24:01.043,2020-06-11 03:24:06.443,5.40000009536743,"2020-06-10"
268,"pippyg",2020-06-11 03:24:21.187,2020-06-11 03:24:25.387,4.20000004768372,"2020-06-10"
269,"pippyg",2020-06-11 03:24:40.005,2020-06-11 03:24:46.805,6.79999995231628,"2020-06-10"
270,"pippyg",2020-06-11 03:25:43.601,2020-06-11 03:25:47.401,3.79999995231628,"2020-06-10"
271,"pippyg",2020-06-11 03:26:57.255,2020-06-11 03:27:00.633,3.37800002098083,"2020-06-10"
272,"pippyg",2020-06-11 03:27:45.139,2020-06-11 03:27:48.739,3.59999990463257,"2020-06-10"
273,"pippyg",2020-06-11 03:30:51.582,2020-06-11 03:30:59.282,7.70000004768372,"2020-06-10"
274,"pippyg",2020-06-11 03:31:08.821,2020-06-11 03:31:16.421,7.59999990463257,"2020-06-10"
275,"pippyg",2020-06-11 03:33:37.745,2020-06-11 03:33:42.445,4.70000004768372,"2020-06-10"
276,"pippyg",2020-06-11 03:33:48.231,2020-06-11 03:33:50.614,2.38299989700317,"2020-06-10"
277,"pippyg",2020-06-11 03:34:18.065,2020-06-11 03:34:21.165,3.09999990463257,"2020-06-10"
278,"pippyg",2020-06-11 03:35:08.198,2020-06-11 03:35:11.098,2.90000009536743,"2020-06-10"
279,"pippyg",2020-06-11 03:36:12.417,2020-06-11 03:36:13.293,0.875999927520752,"2020-06-10"
280,"pippyg",2020-06-11 03:37:05.765,2020-06-11 03:37:10.165,4.40000009536743,"2020-06-10"
281,"pippyg",2020-06-11 03:38:19.985,2020-06-11 03:38:20.385,0.399999856948853,"2020-06-10"
282,"pippyg",2020-06-11 03:38:49.883,2020-06-11 03:38:59.283,9.40000009536743,"2020-06-10"
283,"pippyg",2020-06-11 03:39:06.283,2020-06-11 03:39:06.583,0.299999952316284,"2020-06-10"
284,"pippyg",2020-06-11 03:39:32.952,2020-06-11 03:39:35.352,2.40000009536743,"2020-06-10"
285,"pippyg",2020-06-11 03:39:57.517,2020-06-11 03:39:57.617,0.0999999046325684,"2020-06-10"
286,"pippyg",2020-06-11 03:41:50.433,2020-06-11 03:41:53.333,2.90000009536743,"2020-06-10"
287,"pippyg",2020-06-11 03:43:08.926,2020-06-11 03:43:12.726,3.79999995231628,"2020-06-10"
288,"pippyg",2020-06-11 03:43:51.031,2020-06-11 03:43:54.731,3.69999980926514,"2020-06-10"
289,"myonat",2020-06-10 19:41:25.419,2020-06-10 19:41:29.319,3.90000009536743,"2020-06-10"
290,"myonat",2020-06-10 19:47:38.849,2020-06-10 19:47:42.749,3.90000009536743,"2020-06-10"
291,"myonat",2020-06-10 19:54:47.151,2020-06-10 19:54:50.551,3.40000009536743,"2020-06-10"
292,"myonat",2020-06-10 20:09:25.191,2020-06-10 20:09:27.891,2.70000004768372,"2020-06-10"
293,"myonat",2020-06-10 20:40:30.166,2020-06-10 20:40:32.266,2.10000014305115,"2020-06-10"
294,"myonat",2020-06-10 21:02:56.097,2020-06-10 21:02:58.797,2.70000004768372,"2020-06-10"
295,"myonat",2020-06-10 21:07:11.826,2020-06-10 21:07:14.226,2.40000009536743,"2020-06-10"
296,"myonat",2020-06-10 21:36:41.868,2020-06-10 21:36:43.868,2,"2020-06-10"
297,"myonat",2020-06-10 22:15:55.682,2020-06-10 22:16:00.082,4.40000009536743,"2020-06-10"
298,"myonat",2020-06-11 00:10:54.046,2020-06-11 00:10:54.146,0.0999999046325684,"2020-06-10"
299,"eptser",2020-06-10 19:50:37.369,2020-06-10 19:50:46.169,8.79999995231628,"2020-06-10"
300,"eptser",2020-06-10 19:59:53.478,2020-06-10 19:59:55.678,2.20000004768372,"2020-06-10"
301,"eptser",2020-06-10 20:05:20.795,2020-06-10 20:05:24.095,3.29999995231628,"2020-06-10"
302,"eptser",2020-06-10 20:47:50.931,2020-06-10 20:47:57.431,6.5,"2020-06-10"
303,"eptser",2020-06-10 21:14:31.431,2020-06-10 21:14:42.731,11.3000001907349,"2020-06-10"
304,"eptser",2020-06-10 21:29:21.432,2020-06-10 21:29:25.632,4.20000004768372,"2020-06-10"
305,"eptser",2020-06-10 21:31:20.537,2020-06-10 21:31:39.337,18.7999999523163,"2020-06-10"
306,"eptser",2020-06-11 02:22:10.938,2020-06-11 02:22:15.538,4.59999990463257,"2020-06-10"
307,"eptser",2020-06-11 03:14:40.925,2020-06-11 03:14:50.325,9.40000009536743,"2020-06-10"
308,"eptser",2020-06-11 03:14:52.825,2020-06-11 03:14:57.425,4.59999990463257,"2020-06-10"
309,"hypsav",2020-06-10 20:12:07.937,2020-06-10 20:12:08.937,1,"2020-06-10"
310,"hypsav",2020-06-10 23:27:03.389,2020-06-10 23:27:07.889,4.5,"2020-06-10"
311,"hypsav",2020-06-11 03:12:16.795,2020-06-11 03:12:20.595,3.79999995231628,"2020-06-10"
312,"hypsav",2020-06-11 03:12:25.1,2020-06-11 03:12:29.5,4.40000009536743,"2020-06-10"
313,"hypsav",2020-06-11 03:12:32.5,2020-06-11 03:12:32.7,0.200000047683716,"2020-06-10"
314,"hypsav",2020-06-11 03:12:36.1,2020-06-11 03:12:38.8,2.70000004768372,"2020-06-10"
315,"hypsav",2020-06-11 03:16:17.151,2020-06-11 03:16:17.251,0.0999999046325684,"2020-06-10"
316,"plemac",2020-06-10 20:47:58.431,2020-06-10 20:47:59.831,1.39999985694885,"2020-06-10"
317,"nyclei",2020-06-10 21:12:40.6,2020-06-10 21:12:40.7,0.100000143051147,"2020-06-10"
318,"nyclei",2020-06-10 21:14:31.131,2020-06-10 21:14:31.231,0.100000143051147,"2020-06-10"
319,"nyclei",2020-06-10 22:02:37.772,2020-06-10 22:02:37.872,0.100000143051147,"2020-06-10"
320,"nyclei",2020-06-10 23:29:24.878,2020-06-10 23:29:25.378,0.5,"2020-06-10"
321,"nyclei",2020-06-10 23:37:24.333,2020-06-10 23:37:24.733,0.400000095367432,"2020-06-10"
322,"nyclei",2020-06-10 23:41:11.666,2020-06-10 23:41:11.766,0.0999999046325684,"2020-06-10"
323,"nyclei",2020-06-10 23:41:16.777,2020-06-10 23:41:17.977,1.20000004768372,"2020-06-10"
324,"nyclei",2020-06-10 23:44:29.051,2020-06-10 23:44:29.551,0.5,"2020-06-10"
325,"nyclei",2020-06-10 23:48:35.287,2020-06-10 23:48:35.787,0.5,"2020-06-10"
326,"nyclei",2020-06-10 23:58:13.379,2020-06-10 23:58:15.279,1.90000009536743,"2020-06-10"
327,"nyclei",2020-06-11 00:26:53.617,2020-06-11 00:26:55.917,2.29999995231628,"2020-06-10"
328,"nyclei",2020-06-11 00:36:39.33,2020-06-11 00:36:39.43,0.0999999046325684,"2020-06-10"
329,"nyclei",2020-06-11 00:39:09.495,2020-06-11 00:39:12.495,3,"2020-06-10"
330,"nyclei",2020-06-11 00:44:31.973,2020-06-11 00:44:40.673,8.69999980926514,"2020-06-10"
331,"nyclei",2020-06-11 00:57:03.115,2020-06-11 00:57:03.615,0.5,"2020-06-10"
332,"nyclei",2020-06-11 01:04:04.153,2020-06-11 01:04:06.953,2.79999995231628,"2020-06-10"
333,"nyclei",2020-06-11 01:11:23.36,2020-06-11 01:11:26.96,3.59999990463257,"2020-06-10"
334,"nyclei",2020-06-11 01:11:29.863,2020-06-11 01:11:29.963,0.0999999046325684,"2020-06-10"
335,"nyclei",2020-06-11 01:16:04.839,2020-06-11 01:16:06.639,1.79999995231628,"2020-06-10"
336,"nyclei",2020-06-11 01:19:53.795,2020-06-11 01:19:55.795,2,"2020-06-10"
337,"nyclei",2020-06-11 01:25:04.041,2020-06-11 01:25:07.841,3.79999995231628,"2020-06-10"
338,"nyclei",2020-06-11 01:25:11.16,2020-06-11 01:25:12.46,1.29999995231628,"2020-06-10"
339,"nyclei",2020-06-11 01:26:05.748,2020-06-11 01:26:09.148,3.40000009536743,"2020-06-10"
340,"nyclei",2020-06-11 01:32:40.627,2020-06-11 01:32:40.727,0.0999999046325684,"2020-06-10"
341,"nyclei",2020-06-11 01:37:59.82,2020-06-11 01:38:00.32,0.5,"2020-06-10"
342,"nyclei",2020-06-11 01:52:16.919,2020-06-11 01:52:17.519,0.600000143051147,"2020-06-10"
343,"nyclei",2020-06-11 02:06:35.976,2020-06-11 02:06:37.876,1.90000009536743,"2020-06-10"
344,"nyclei",2020-06-11 02:22:00.938,2020-06-11 02:22:10.938,10,"2020-06-10"
345,"nyclei",2020-06-11 02:37:52.76,2020-06-11 02:37:53.56,0.799999952316284,"2020-06-10"
346,"nyclei",2020-06-11 02:38:20.497,2020-06-11 02:38:22.897,2.40000009536743,"2020-06-10"
347,"nyclei",2020-06-11 02:47:13.767,2020-06-11 02:47:14.467,0.700000047683716,"2020-06-10"
348,"nyclei",2020-06-11 02:55:35.895,2020-06-11 02:55:37.595,1.70000004768372,"2020-06-10"
349,"nyclei",2020-06-11 03:00:41.147,2020-06-11 03:00:41.747,0.600000143051147,"2020-06-10"
350,"nyclei",2020-06-11 03:02:01.835,2020-06-11 03:02:02.135,0.299999952316284,"2020-06-10"
351,"nyclei",2020-06-11 03:03:16.12,2020-06-11 03:03:16.62,0.5,"2020-06-10"
352,"nyclei",2020-06-11 03:05:17.04,2020-06-11 03:05:19.54,2.5,"2020-06-10"
353,"nyclei",2020-06-11 03:06:53.837,2020-06-11 03:06:56.437,2.59999990463257,"2020-06-10"
354,"nyclei",2020-06-11 03:12:46,2020-06-11 03:12:51.4,5.40000009536743,"2020-06-10"
355,"nyclei",2020-06-11 03:13:00.1,2020-06-11 03:13:01.1,1,"2020-06-10"
356,"nyclei",2020-06-11 03:15:00.219,2020-06-11 03:15:03.019,2.79999995231628,"2020-06-10"
357,"nyclei",2020-06-11 03:15:10.875,2020-06-11 03:15:13.675,2.79999995231628,"2020-06-10"
358,"nyclei",2020-06-11 03:15:20.701,2020-06-11 03:15:25.301,4.59999990463257,"2020-06-10"
359,"nyclei",2020-06-11 03:15:33.784,2020-06-11 03:15:35.084,1.29999995231628,"2020-06-10"
360,"nyclei",2020-06-11 03:15:38.005,2020-06-11 03:15:38.105,0.0999999046325684,"2020-06-10"
361,"nyclei",2020-06-11 03:15:58.722,2020-06-11 03:15:58.822,0.100000143051147,"2020-06-10"
362,"nyclei",2020-06-11 03:16:07.051,2020-06-11 03:16:07.251,0.200000047683716,"2020-06-10"
363,"myoema",2020-06-10 22:09:34.437,2020-06-10 22:09:37.237,2.79999995231628,"2020-06-10"
364,"myoema",2020-06-10 22:09:49.025,2020-06-10 22:09:49.225,0.200000047683716,"2020-06-10"
365,"myoema",2020-06-11 01:46:23.235,2020-06-11 01:46:27.435,4.20000004768372,"2020-06-10"
366,"myoema",2020-06-11 02:05:45.696,2020-06-11 02:05:46.096,0.400000095367432,"2020-06-10"
367,"minsch",2020-06-10 23:39:56.344,2020-06-10 23:40:01.944,5.59999990463257,"2020-06-10"
368,"minsch",2020-06-11 00:43:00.456,2020-06-11 00:43:03.556,3.09999990463257,"2020-06-10"
369,"minsch",2020-06-11 01:13:10.737,2020-06-11 01:13:13.537,2.79999995231628,"2020-06-10"
370,"minsch",2020-06-11 03:40:01.617,2020-06-11 03:40:02.717,1.09999990463257,"2020-06-10"
371,"pipnat",2020-06-10 23:50:53.748,2020-06-10 23:51:04.548,10.7999999523163,"2020-06-10"
372,"pipnat",2020-06-11 00:35:16.791,2020-06-11 00:35:21.191,4.40000009536743,"2020-06-10"
373,"pipnat",2020-06-11 00:41:29.88,2020-06-11 00:41:33.08,3.20000004768372,"2020-06-10"
374,"pipnat",2020-06-11 01:47:46.506,2020-06-11 01:47:46.606,0.0999999046325684,"2020-06-10"
375,"pipnat",2020-06-11 02:33:57.421,2020-06-11 02:33:57.721,0.299999952316284,"2020-06-10"
376,"pipnat",2020-06-11 03:43:27.926,2020-06-11 03:43:31.126,3.20000004768372,"2020-06-10"
377,"rhifer",2020-06-11 00:02:53.017,2020-06-11 00:02:54.417,1.40000009536743,"2020-06-10"
378,"myocap",2020-06-11 01:05:26.755,2020-06-11 01:05:28.555,1.79999995231628,"2020-06-10"
379,"nycnoc",2020-06-11 01:52:18.819,2020-06-11 01:52:23.419,4.59999990463257,"2020-06-10"
380,"tadten",2020-06-11 03:41:25.909,2020-06-11 03:41:26.009,0.100000143051147,"2020-06-10"
